fileNo,ItemNo,ChangeCondition,InstrumentCondition,filename,Agent,Instrument,Patient
202,29,BackgroundChange,Instrument,BeepToy_BackgroundChange_Instrument.mp4,Agent1,Green pen,Yellow star toy
201,29,BackgroundChange,NoInstrument,BeepToy_BackgroundChange_NoInstrument.mp4,Agent1,NA,Yellow star toy
200,29,Base,Instrument,BeepToy_Base_Instrument.mp4,Agent1,Green pen,Yellow star toy
199,29,Base,NoInstrument,BeepToy_Base_NoInstrument.mp4,Agent1,NA,Yellow star toy
204,29,BigAgentChange,Instrument,BeepToy_BigAgentChange_Instrument.mp4,Agent2,Green pen,Yellow star toy
203,29,BigAgentChange,NoInstrument,BeepToy_BigAgentChange_NoInstrument.mp4,Agent2,NA,Yellow star toy
213,29,InstrumentChange,Instrument,BeepToy_InstrumentChange_Instrument.mp4,Agent1,Orange pen,Yellow star toy
208,29,MannerChange,Instrument,BeepToy_MannerChange_Instrument.mp4,Agent1,Green pen,Yellow star toy
207,29,MannerChange,NoInstrument,BeepToy_MannerChange_NoInstrument.mp4,Agent1,NA,Yellow star toy
212,29,ObjectChange,Instrument,BeepToy_ObjectChange_Instrument.mp4,Agent1,Green pen,Yellow animal toy
211,29,ObjectChange,NoInstrument,BeepToy_ObjectChange_NoInstrument.mp4,Agent1,NA,Yellow animal toy
210,29,ResultChange,Instrument,BeepToy_ResultChange_Instrument.mp4,Agent1,Green pen,Yellow star toy
209,29,ResultChange,NoInstrument,BeepToy_ResultChange_NoInstrument.mp4,Agent1,NA,Yellow star toy
206,29,SmallAgentChange,Instrument,BeepToy_SmallAgentChange_Instrument.mp4,Agent1,Green pen,Yellow star toy
205,29,SmallAgentChange,NoInstrument,BeepToy_SmallAgentChange_NoInstrument.mp4,Agent1,NA,Yellow star toy
2,1,MannerChange,NoInstrument,Bend_Full_LeftHand.mp4,Agent3,NA,Yellow bendy tube
1,1,Base,NoInstrument,Bend_Full_RightHand.mp4,Agent3,NA,Yellow bendy tube
4,1,CounterbalanceMR,NoInstrument,Bend_Half_LeftHand.mp4,Agent3,NA,Yellow bendy tube
3,1,ResultChange,NoInstrument,Bend_Half_RightHand.mp4,Agent3,NA,Yellow bendy tube
8,2,CounterbalanceMR,NoInstrument,Bounce_Diagonal_LeftHand.mp4,Agent6,NA,Clear ball
7,2,ResultChange,NoInstrument,Bounce_Diagonal_RightHand.mp4,Agent6,NA,Clear ball
6,2,MannerChange,NoInstrument,Bounce_Straight_LeftHand.mp4,Agent6,NA,Clear ball
5,2,Base,NoInstrument,Bounce_Straight_RightHand.mp4,Agent6,NA,Clear ball
172,27,BackgroundChange,Instrument,BounceBall_BackgroundChange_Instrument.mp4,Agent4,Striped frisbee,Clear ball
171,27,BackgroundChange,NoInstrument,BounceBall_BackgroundChange_NoInstrument.mp4,Agent4,NA,Clear ball
170,27,Base,Instrument,BounceBall_Base_Instrument.mp4,Agent4,Striped frisbee,Clear ball
169,27,Base,NoInstrument,BounceBall_Base_NoInstrument.mp4,Agent4,NA,Clear ball
174,27,BigAgentChange,Instrument,BounceBall_BigAgentChange_Instrument.mp4,Agent5,Striped frisbee,Clear ball
173,27,BigAgentChange,NoInstrument,BounceBall_BigAgentChange_NoInstrument.mp4,Agent5,NA,Clear ball
183,27,InstrumentChange,Instrument,BounceBall_InstrumentChange_Instrument.mp4,Agent4,Green/White frisbee,Clear ball
178,27,MannerChange,Instrument,BounceBall_MannerChange_Instrument.mp4,Agent4,Striped frisbee,Clear ball
177,27,MannerChange,NoInstrument,BounceBall_MannerChange_NoInstrument.mp4,Agent4,NA,Clear ball
182,27,ObjectChange,Instrument,BounceBall_ObjectChange_Instrument.mp4,Agent4,Striped frisbee,Blue Ball
181,27,ObjectChange,NoInstrument,BounceBall_ObjectChange_NoInstrument.mp4,Agent4,NA,Blue Ball
180,27,ResultChange,Instrument,BounceBall_ResultChange_Instrument.mp4,Agent4,Striped frisbee,Clear ball
179,27,ResultChange,NoInstrument,BounceBall_ResultChange_NoInstrument.mp4,Agent4,NA,Clear ball
176,27,SmallAgentChange,Instrument,BounceBall_SmallAgentChange_Instrument.mp4,Agent4,Striped frisbee,Clear ball
175,27,SmallAgentChange,NoInstrument,BounceBall_SmallAgentChange_NoInstrument.mp4,Agent4,NA,Clear ball
52,14,Unintentional,NoInstrument,Break_Blocks_Unintentional.mp4,Agent7,Blue block,Block tower
51,14,Base,NoInstrument,Break_Blocks.mp4,Agent7,Blue block,Block tower
53,15,Base,NoInstrument,Change_Lamp.mp4,Agent10,NA,Light switch
245,32,BackgroundChange,NoInstrument,ChangeChannel_BackgroundChange_NoInstrument.mp4,Agent8,NA,Black computer/ Kittens to 2 trees
244,32,Base,NoInstrument,ChangeChannel_Base_NoInstrument.mp4,Agent8,NA,Black computer/ Kittens to 2 trees
246,32,BigAgentChange,NoInstrument,ChangeChannel_BigAgentChange_NoInstrument.mp4,Agent9,NA,Black computer/ Kittens to 2 trees
248,32,MannerChange,NoInstrument,ChangeChannel_MannerChange_NoInstrument.mp4,Agent8,NA,Black computer/ Kittens to 2 trees
250,32,ObjectChange,NoInstrument,ChangeChannel_ObjectChange_NoInstrument.mp4,Agent8,NA,White computer/ Kittens to many trees
249,32,ResultChange,NoInstrument,ChangeChannel_ResultChange_NoInstrument.mp4,Agent8,NA,Black computer/ Kittens to green trees
247,32,SmallAgentChange,NoInstrument,ChangeChannel_SmallAgentChange_NoInstrument.mp4,Agent8,NA,Black computer/ Kittens to 2 trees
12,3,CounterbalanceMR,NoInstrument,Close_Full_LeftHand.mp4,Agent5,NA,Blinds
11,3,ResultChange,NoInstrument,Close_Full_RightHand.mp4,Agent5,NA,Blinds
10,3,MannerChange,NoInstrument,Close_Half_LeftHand.mp4,Agent5,NA,Blinds
9,3,Base,NoInstrument,Close_Half_RightHand.mp4,Agent5,NA,Blinds
319,39,Base,NoInstrument,Cup.mp4,Agent12,NA,Green paper cup
14,4,MannerChange,NoInstrument,Drop_Armrest_BothHands.mp4,Agent13,NA,Red bag
13,4,Base,NoInstrument,Drop_Armrest_OneHand.mp4,Agent13,NA,Red bag
15,4,ResultChange,NoInstrument,Drop_Sofa_OneHand.mp4,Agent13,NA,Red bag
16,4,CounterbalanceMR,NoInstrument,Drop_Sofa_TwoHands.mp4,Agent13,NA,Red bag
318,38,Base,NoInstrument,GiveBalloon.mp4,Agent14,NA,2 balloons
320,40,Base,NoInstrument,Jingle.mp4,Agent15,NA,Spinning sphere connected to wood box
60,19,BackgroundChange,Instrument,KnockOver_BackgroundChange_Instrument.mp4,Agent16,Green block,Pink block
59,19,BackgroundChange,NoInstrument,KnockOver_BackgroundChange_NoInstrument.mp4,Agent16,NA,Pink block
58,19,Base,Instrument,KnockOver_Base_Instrument.mp4,Agent16,Green block,Pink block
57,19,Base,NoInstrument,KnockOver_Base_NoInstrument.mp4,Agent16,NA,Pink block
62,19,BigAgentChange,Instrument,KnockOver_BigAgentChange_Instrument.mp4,Agent5,Green block,Pink block
61,19,BigAgentChange,NoInstrument,KnockOver_BigAgentChange_NoInstrument.mp4,Agent5,NA,Pink block
71,19,InstrumentChange,Instrument,KnockOver_InstrumentChange_Instrument.mp4,Agent16,Green block,Pink block
66,19,MannerChange,Instrument,KnockOver_MannerChange_Instrument.mp4,Agent16,Green block,Pink block
65,19,MannerChange,NoInstrument,KnockOver_MannerChange_NoInstrument.mp4,Agent16,NA,Pink block
70,19,ObjectChange,Instrument,KnockOver_ObjectChange_Instrument.mp4,Agent16,Yellow block,Pink and blue block
69,19,ObjectChange,NoInstrument,KnockOver_ObjectChange_NoInstrument.mp4,Agent16,NA,Pink and blue block
68,19,ResultChange,Instrument,KnockOver_ResultChange_Instrument.mp4,Agent16,Green block,Pink block
67,19,ResultChange,NoInstrument,KnockOver_ResultChange_NoInstrument.mp4,Agent16,NA,Pink block
64,19,SmallAgentChange,Instrument,KnockOver_SmallAgentChange_Instrument.mp4,Agent16,Green block,Pink block
63,19,SmallAgentChange,NoInstrument,KnockOver_SmallAgentChange_NoInstrument.mp4,Agent16,NA,Pink block
157,26,BackgroundChange,Instrument,OpenBox_BackgroundChange_Instrument.mp4,Agent17,Yellow rake,Black box
156,26,BackgroundChange,NoInstrument,OpenBox_BackgroundChange_NoInstrument.mp4,Agent17,NA,Black box
155,26,Base,Instrument,OpenBox_Base_Instrument.mp4,Agent17,Yellow rake,Black box
154,26,Base,NoInstrument,OpenBox_Base_NoInstrument.mp4,Agent17,NA,Black box
159,26,BigAgentChange,Instrument,OpenBox_BigAgentChange_Instrument.mp4,Agent18,Yellow rake,Black box
158,26,BigAgentChange,NoInstrument,OpenBox_BigAgentChange_NoInstrument.mp4,Agent18,NA,Black box
168,26,InstrumentChange,Instrument,OpenBox_InstrumentChange_Instrument.mp4,Agent17,Green rake,Black box
163,26,MannerChange,Instrument,OpenBox_MannerChange_Instrument.mp4,Agent17,Green rake,Black box
162,26,MannerChange,NoInstrument,OpenBox_MannerChange_NoInstrument.mp4,Agent17,NA,Black box
167,26,ObjectChange,Instrument,OpenBox_ObjectChange_Instrument.mp4,Agent17,Green rake,Whte box
166,26,ObjectChange,NoInstrument,OpenBox_ObjectChange_NoInstrument.mp4,Agent17,NA,White box
165,26,ResultChange,Instrument,OpenBox_ResultChange_Instrument.mp4,Agent17,Green rake,Black box
164,26,ResultChange,NoInstrument,OpenBox_ResultChange_NoInstrument.mp4,Agent17,NA,Black box
161,26,SmallAgentChange,Instrument,OpenBox_SmallAgentChange_Instrument.mp4,Agent17,Green rake,Black box
160,26,SmallAgentChange,NoInstrument,OpenBox_SmallAgentChange_NoInstrument.mp4,Agent17,NA,Black box
142,25,BackgroundChange,Instrument,PlayMusicBox_BackgroundChange_Instrument.mp4,Agent2,Silver crank,Orange and yellow box
141,25,BackgroundChange,NoInstrument,PlayMusicBox_BackgroundChange_NoInstrument.mp4,Agent2,NA,Orange and yellow box
140,25,Base,Instrument,PlayMusicBox_Base_Instrument.mp4,Agent2,Silver crank,Orange and yellow box
139,25,Base,NoInstrument,PlayMusicBox_Base_NoInstrument.mp4,Agent2,NA,Orange and yellow box
144,25,BigAgentChange,Instrument,PlayMusicBox_BigAgentChange_Instrument.mp4,Agent19,Silver crank,Orange and yellow box
143,25,BigAgentChange,NoInstrument,PlayMusicBox_BigAgentChange_NoInstrument.mp4,Agent19,NA,Orange and yellow box
153,25,InstrumentChange,Instrument,PlayMusicBox_InstrumentChange_Instrument.mp4,Agent2,Orange crank,Orange and yellow box
148,25,MannerChange,Instrument,PlayMusicBox_MannerChange_Instrument.mp4,Agent2,Silver crank,Orange and yellow box
147,25,MannerChange,NoInstrument,PlayMusicBox_MannerChange_NoInstrument.mp4,Agent2,NA,Orange and yellow box
152,25,ObjectChange,Instrument,PlayMusicBox_ObjectChange_Instrument.mp4,Agent2,Silver crank,Orange and white box
151,25,ObjectChange,NoInstrument,PlayMusicBox_ObjectChange_NoInstrument.mp4,Agent2,NA,Orange and white box
150,25,ResultChange,Instrument,PlayMusicBox_ResultChange_Instrument.mp4,Agent2,Silver crank,Orange and yellow box
149,25,ResultChange,NoInstrument,PlayMusicBox_ResultChange_NoInstrument.mp4,Agent2,NA,Orange and yellow box
146,25,SmallAgentChange,Instrument,PlayMusicBox_SmallAgentChange_Instrument.mp4,Agent2,Silver crank,Orange and yellow box
145,25,SmallAgentChange,NoInstrument,PlayMusicBox_SmallAgentChange_NoInstrument.mp4,Agent2,NA,Orange and yellow box
54,16,Base,NoInstrument,Pop_Balloon.mp4,Agent10,White pen,Pink balloon
217,30,BackgroundChange,Instrument,PourMarbles_BackgroundChange_Instrument.mp4,Agent2,Green and white pen,Yellow marbles
216,30,BackgroundChange,NoInstrument,PourMarbles_BackgroundChange_NoInstrument.mp4,Agent2,NA,Yellow marbles
215,30,Base,Instrument,PourMarbles_Base_Instrument.mp4,Agent2,Green and white pen,Yellow marbles
214,30,Base,NoInstrument,PourMarbles_Base_NoInstrument.mp4,Agent2,NA,Yellow marbles
219,30,BigAgentChange,Instrument,PourMarbles_BigAgentChange_Instrument.mp4,Agent1,Green and white pen,Yellow marbles
218,30,BigAgentChange,NoInstrument,PourMarbles_BigAgentChange_NoInstrument.mp4,Agent1,NA,Yellow marbles
228,30,InstrumentChange,Instrument,PourMarbles_InstrumentChange_Instrument.mp4,Agent2,Red and white pen,Yellow marbles
223,30,MannerChange,Instrument,PourMarbles_MannerChange_Instrument.mp4,Agent2,Green and white pen,Yellow marbles
222,30,MannerChange,NoInstrument,PourMarbles_MannerChange_NoInstrument.mp4,Agent2,NA,Yellow marbles
227,30,ObjectChange,Instrument,PourMarbles_ObjectChange_Instrument.mp4,Agent2,Green and white pen,Green marbles
226,30,ObjectChange,NoInstrument,PourMarbles_ObjectChange_NoInstrument.mp4,Agent2,NA,Green marbles
225,30,ResultChange,Instrument,PourMarbles_ResultChange_Instrument.mp4,Agent2,Green and white pen,Yellow marbles
224,30,ResultChange,NoInstrument,PourMarbles_ResultChange_NoInstrument.mp4,Agent2,NA,Yellow marbles
221,30,SmallAgentChange,Instrument,PourMarbles_SmallAgentChange_Instrument.mp4,Agent2,Green and white pen,Yellow marbles
220,30,SmallAgentChange,NoInstrument,PourMarbles_SmallAgentChange_NoInstrument.mp4,Agent2,NA,Yellow marbles
17,5,Base,NoInstrument,Push_Left_LeftHand.mp4,Agent2,NA,Glass bottle
18,5,MannerChange,NoInstrument,Push_Left_RightHand.mp4,Agent2,NA,Glass bottle
19,5,ResultChange,NoInstrument,Push_Right_LeftHand.mp4,Agent2,NA,Glass bottle
20,5,CounterbalanceMR,NoInstrument,Push_Right_RightHand.mp4,Agent2,NA,Glass bottle
24,6,CounterbalanceMR,NoInstrument,Rattle_LeftandRight_Rattle1.mp4,Agent6,NA,Blue rattle
22,6,MannerChange,NoInstrument,Rattle_LeftandRight_Rattle2.mp4,Agent6,NA,Blue rattle
23,6,ResultChange,NoInstrument,Rattle_UpandDown_Rattle1.mp4,Agent6,NA,Blue rattle
21,6,Base,NoInstrument,Rattle_UpandDown_Rattle2.mp4,Agent6,NA,Blue rattle
27,7,ResultChange,NoInstrument,Ring_LeftHand_Ring1.mp4,Agent2,NA,Gold bell
25,7,Base,NoInstrument,Ring_LeftHand_Ring2.mp4,Agent2,NA,Gold bell
28,7,CounterbalanceMR,NoInstrument,Ring_RightHand_Ring1.mp4,Agent2,NA,Gold bell
26,7,MannerChange,NoInstrument,Ring_RightHand_Ring2.mp4,Agent2,NA,Gold bell
32,8,CounterbalanceMR,NoInstrument,Roll_WheelsDown_OneHand.mp4,Agent6,NA,Yellow wheeled truck
31,8,ResultChange,NoInstrument,Roll_WheelsDown_TwoHands.mp4,Agent6,NA,Yellow wheeled truck
30,8,MannerChange,NoInstrument,Roll_WheelsUp_OneHand.mp4,Agent6,NA,Yellow wheeled truck
29,8,Base,NoInstrument,Roll_WheelsUp_TwoHands.mp4,Agent6,NA,Yellow wheeled truck
50,13,Unintentional,NoInstrument,Roll2_Ball_Unintentional.mp4,Agent5,NA,Mini beach ball
49,13,Base,NoInstrument,Roll2_Ball.mp4,Agent5,NA,Mini beach ball
97,22,BackgroundChange,Instrument,RollTruck_BackgroundChange_Instrument.mp4,Agent21,Orange plank,Green car
96,22,BackgroundChange,NoInstrument,RollTruck_BackgroundChange_NoInstrument.mp4,Agent21,NA,Green car
95,22,Base,Instrument,RollTruck_Base_Instrument.mp4,Agent21,Orange plank,Green car
94,22,Base,NoInstrument,RollTruck_Base_NoInstrument.mp4,Agent21,NA,Green car
99,22,BigAgentChange,Instrument,RollTruck_BigAgentChange_Instrument.mp4,Agent5,Orange plank,Green car
98,22,BigAgentChange,NoInstrument,RollTruck_BigAgentChange_NoInstrument.mp4,Agent5,NA,Green car
108,22,InstrumentChange,Instrument,RollTruck_InstrumentChange_Instrument.mp4,Agent21,Red plank,Green car
103,22,MannerChange,Instrument,RollTruck_MannerChange_Instrument.mp4,Agent21,Orange plank,Green car
102,22,MannerChange,NoInstrument,RollTruck_MannerChange_NoInstrument.mp4,Agent21,NA,Green car
107,22,ObjectChange,Instrument,RollTruck_ObjectChange_Instrument.mp4,Agent21,Orange plank,Blue car
106,22,ObjectChange,NoInstrument,RollTruck_ObjectChange_NoInstrument.mp4,Agent21,NA,Blue car
105,22,ResultChange,Instrument,RollTruck_ResultChange_Instrument.mp4,Agent21,Orange plank,Green car
104,22,ResultChange,NoInstrument,RollTruck_ResultChange_NoInstrument.mp4,Agent21,Orange plank,Green car
101,22,SmallAgentChange,Instrument,RollTruck_SmallAgentChange_Instrument.mp4,Agent21,Orange plank,Green car
100,22,SmallAgentChange,NoInstrument,RollTruck_SmallAgentChange_NoInstrument.mp4,Agent21,NA,Green car
36,9,CounterbalanceMR,NoInstrument,Rotate_Below_toBlue.mp4,Agent3,NA,Half white half blue bottle
34,9,MannerChange,NoInstrument,Rotate_Below_toWhite.mp4,Agent3,NA,Half white half blue bottle
33,9,Base,NoInstrument,Rotate_Top_toBlue.mp4,Agent3,NA,Half white half blue bottle
35,9,ResultChange,NoInstrument,Rotate_Top_toWhite.mp4,Agent3,NA,Half white half blue bottle
269,34,BackgroundChange,Instrument,RustleLeaves_BackgroundChange_Instrument.mp4,Agent17,Green rake,Pile of brown leaves
268,34,BackgroundChange,NoInstrument,RustleLeaves_BackgroundChange_NoInstrument.mp4,Agent17,NA,Pile of brown leaves
267,34,Base,Instrument,RustleLeaves_Base_Instrument.mp4,Agent17,Green rake,Pile of brown leaves
266,34,Base,NoInstrument,RustleLeaves_Base_NoInstrument.mp4,Agent17,NA,Pile of brown leaves
271,34,BigAgentChange,Instrument,RustleLeaves_BigAgentChange_Instrument.mp4,Agent2,Green rake,Pile of brown leaves
270,34,BigAgentChange,NoInstrument,RustleLeaves_BigAgentChange_NoInstrument.mp4,Agent2,NA,Pile of brown leaves
280,34,InstrumentChange,Instrument,RustleLeaves_InstrumentChange_Instrument.mp4,Agent17,Silver spoon,Pile of brown leaves
275,34,MannerChange,Instrument,RustleLeaves_MannerChange_Instrument.mp4,Agent17,Green rake,Pile of brown leaves
274,34,MannerChange,NoInstrument,RustleLeaves_MannerChange_NoInstrument.mp4,Agent17,NA,Pile of brown leaves
279,34,ObjectChange,Instrument,RustleLeaves_ObjectChange_Instrument.mp4,Agent17,Green rake,Line of brown leaves
278,34,ObjectChange,NoInstrument,RustleLeaves_ObjectChange_NoInstrument.mp4,Agent17,NA,Line of brown leaves
277,34,ResultChange,Instrument,RustleLeaves_ResultChange_Instrument.mp4,Agent7,Green rake,Pile of brown leaves
276,34,ResultChange,NoInstrument,RustleLeaves_ResultChange_NoInstrument.mp4,Agent17,NA,Pile of brown leaves
273,34,SmallAgentChange,Instrument,RustleLeaves_SmallAgentChange_Instrument.mp4,Agent17,Green rake,Pile of brown leaves
272,34,SmallAgentChange,NoInstrument,RustleLeaves_SmallAgentChange_NoInstrument.mp4,Agent17,NA,Pile of brown leaves
75,20,BackgroundChange,Instrument,SlideChair_BackgroundChange_Instrument.mp4,Agent24,Purple broom,Five wheel black chair
74,20,BackgroundChange,NoInstrument,SlideChair_BackgroundChange_NoInstrument.mp4,Agent24,NA,Five wheel black chair
73,20,Base,Instrument,SlideChair_Base_Instrument.mp4,Agent24,Purple broom,Five wheel black chair
72,20,Base,NoInstrument,SlideChair_Base_NoInstrument.mp4,CORRUPTED - FILE DOES NOT EXIST,NA,Five wheel black chair
77,20,BigAgentChange,Instrument,SlideChair_BigAgentChange_Instrument.mp4,Agent16,Purple broom,Five wheel black chair
76,20,BigAgentChange,NoInstrument,SlideChair_BigAgentChange_NoInstrument.mp4,Agent16,NA,Five wheel black chair
86,20,InstrumentChange,Instrument,SlideChair_InstrumentChange_Instrument.mp4,Agent24,White broom,Five wheel black chair
81,20,MannerChange,Instrument,SlideChair_MannerChange_Instrument.mp4,Agent24,Purple broom,Five wheel black chair
80,20,MannerChange,NoInstrument,SlideChair_MannerChange_NoInstrument.mp4,Agent24,NA,Five wheel black chair
85,20,ObjectChange,Instrument,SlideChair_ObjectChange_Instrument.mp4,Agent24,Purple broom,Four wheel black chair
84,20,ObjectChange,NoInstrument,SlideChair_ObjectChange_NoInstrument.mp4,Agent24,NA,Four wheel black chair
83,20,ResultChange,Instrument,SlideChair_ResultChange_Instrument.mp4,Agent24,Purple broom,Five wheel black chair
82,20,ResultChange,NoInstrument,SlideChair_ResultChange_NoInstrument.mp4,Agent24,NA,Five wheel black chair
79,20,SmallAgentChange,Instrument,SlideChair_SmallAgentChange_Instrument.mp4,Agent24,Purple broom,Five wheel black chair
78,20,SmallAgentChange,NoInstrument,SlideChair_SmallAgentChange_NoInstrument.mp4,Agent24,NA,Five wheel black chair
37,10,Base,NoInstrument,Spill_Left_OneHand.mp4,Agent2,NA,White marbles
38,10,MannerChange,NoInstrument,Spill_Left_TwoHands.mp4,Agent2,NA,White marbles
39,10,ResultChange,NoInstrument,Spill_Right_OneHand.mp4,Agent2,NA,White marbles
40,10,CounterbalanceMR,NoInstrument,Spill_Right_TwoHands.mp4,Agent2,NA,White marbles
43,11,ResultChange,NoInstrument,Spin_Left_BothHands.mp4,Agent3,NA,Five wheel black chair
44,11,CounterbalanceMR,NoInstrument,Spin_Left_OneHand.mp4,Agent3,NA,Five wheel black chair
41,11,Base,NoInstrument,Spin_Right_BothHands.mp4,Agent3,NA,Five wheel black chair
42,11,MannerChange,NoInstrument,Spin_Right_OneHand.mp4,Agent3,NA,Five wheel black chair
127,24,BackgroundChange,Instrument,SpinChair_BackgroundChange_Instrument.mp4,Agent19,Grabber,Five wheel black chair
126,24,BackgroundChange,NoInstrument,SpinChair_BackgroundChange_NoInstrument.mp4,Agent19,NA,Five wheel black chair
125,24,Base,Instrument,SpinChair_Base_Instrument.mp4,Agent19,Grabber,Five wheel black chair
124,24,Base,NoInstrument,SpinChair_Base_NoInstrument.mp4,Agent19,NA,Five wheel black chair
129,24,BigAgentChange,Instrument,SpinChair_BigAgentChange_Instrument.mp4,Agent2,Grabber,Five wheel black chair
128,24,BigAgentChange,NoInstrument,SpinChair_BigAgentChange_NoInstrument.mp4,Agent2,NA,Five wheel black chair
138,24,InstrumentChange,Instrument,SpinChair_InstrumentChange_Instrument.mp4,Agent19,Yellow tongs,Five wheel black chair
133,24,MannerChange,Instrument,SpinChair_MannerChange_Instrument.mp4,Agent19,Grabber,Five wheel black chair
132,24,MannerChange,NoInstrument,SpinChair_MannerChange_NoInstrument.mp4,Agent19,NA,Five wheel black chair
137,24,ObjectChange,Instrument,SpinChair_ObjectChange_Instrument.mp4,Agent19,Grabber,Blue chair
136,24,ObjectChange,NoInstrument,SpinChair_ObjectChange_NoInstrument.mp4,Agent19,NA,Blue chair
135,24,ResultChange,Instrument,SpinChair_ResultChange_Instrument.mp4,Agent19,Grabber,Five wheel black chair
134,24,ResultChange,NoInstrument,SpinChair_ResultChange_NoInstrument.mp4,Agent19,NA,Five wheel black chair
131,24,SmallAgentChange,Instrument,SpinChair_SmallAgentChange_Instrument.mp4,Agent19,Grabber,Five wheel black chair
130,24,SmallAgentChange,NoInstrument,SpinChair_SmallAgentChange_NoInstrument.mp4,Agent19,NA,Five wheel black chair
112,23,BackgroundChange,Instrument,StandUpGiraffe_BackgroundChange_Instrument.mp4,Agent22,Silver tongs,Stuffed giraffe with brown blanket
111,23,BackgroundChange,NoInstrument,StandUpGiraffe_BackgroundChange_NoInstrument.mp4,Agent22,NA,Stuffed giraffe with brown blanket
110,23,Base,Instrument,StandUpGiraffe_Base_Instrument.mp4,Agent22,Silver tongs,Stuffed giraffe with brown blanket
109,23,Base,NoInstrument,StandUpGiraffe_Base_NoInstrument.mp4,Agent22,NA,Stuffed giraffe with brown blanket
114,23,BigAgentChange,Instrument,StandUpGiraffe_BigAgentChange_Instrument.mp4,Agent22,Silver tongs,Stuffed giraffe with brown blanket
113,23,BigAgentChange,NoInstrument,StandUpGiraffe_BigAgentChange_NoInstrument.mp4,Agent22,NA,Stuffed giraffe with brown blanket
123,23,InstrumentChange,Instrument,StandUpGiraffe_InstrumentChange_Instrument.mp4,Agent22,Grabber,Stuffed giraffe with brown blanket
118,23,MannerChange,Instrument,StandUpGiraffe_MannerChange_Instrument.mp4,Agent22,Silver tongs,Stuffed giraffe with brown blanket
117,23,MannerChange,NoInstrument,StandUpGiraffe_MannerChange_NoInstrument.mp4,Agent22,NA,Stuffed giraffe with brown blanket
122,23,ObjectChange,Instrument,StandUpGiraffe_ObjectChange_Instrument.mp4,Agent22,Silver tongs,Stuffed giraffe
121,23,ObjectChange,NoInstrument,StandUpGiraffe_ObjectChange_NoInstrument.mp4,Agent22,NA,Stuffed giraffe
120,23,ResultChange,Instrument,StandUpGiraffe_ResultChange_Instrument.mp4,Agent22,Silver tongs,Stuffed giraffe with brown blanket
119,23,ResultChange,NoInstrument,StandUpGiraffe_ResultChange_NoInstrument.mp4,Agent22,NA,Stuffed giraffe with brown blanket
116,23,SmallAgentChange,Instrument,StandUpGiraffe_SmallAgentChange_Instrument.mp4,Agent22,Silver tongs,Stuffed giraffe with brown blanket
115,23,SmallAgentChange,NoInstrument,StandUpGiraffe_SmallAgentChange_NoInstrument.mp4,Agent22,NA,Stuffed giraffe with brown blanket
55,17,Base,NoInstrument,Start_StateChangeBox.mp4,Agent7,NA,Yellow box with train and lights
47,12,ResultChange,NoInstrument,Stretch_HandsDown_Long.mp4,Agent11,NA,Blue bendy tube
45,12,Base,NoInstrument,Stretch_HandsDown_Short.mp4,Agent11,NA,Blue bendy tube
48,12,CounterbalanceMR,NoInstrument,Stretch_HandsUp_Long.mp4,Agent11,NA,Blue bendy tube
46,12,MannerChange,NoInstrument,Stretch_HandsUp_Short.mp4,Agent11,NA,Blue bendy tube
306,37,BackgroundChange,Instrument,StretchCloth_BackgroundChange_Instrument.mp4,Agent23,Black hanger,White cloth
305,37,BackgroundChange,NoInstrument,StretchCloth_BackgroundChange_NoInstrument.mp4,Agent23,NA,White cloth
304,37,Base,Instrument,StretchCloth_Base_Instrument.mp4,Agent23,Black hanger,White cloth
303,37,Base,NoInstrument,StretchCloth_Base_NoInstrument.mp4,Agent23,NA,White cloth
308,37,BigAgentChange,Instrument,StretchCloth_BigAgentChange_Instrument.mp4,Agent2,Black hanger,White cloth
307,37,BigAgentChange,NoInstrument,StretchCloth_BigAgentChange_NoInstrument.mp4,Agent2,NA,White cloth
317,37,InstrumentChange,Instrument,StretchCloth_InstrumentChange_Instrument.mp4,Agent23,White hanger,White cloth
312,37,MannerChange,Instrument,StretchCloth_MannerChange_Instrument.mp4,Agent23,Black hanger,White cloth
311,37,MannerChange,NoInstrument,StretchCloth_MannerChange_NoInstrument.mp4,Agent23,NA,White cloth
316,37,ObjectChange,Instrument,StretchCloth_ObjectChange_Instrument.mp4,Agent23,Black hanger,White cloth with black speckles
315,37,ObjectChange,NoInstrument,StretchCloth_ObjectChange_NoInstrument.mp4,Agent23,NA,White cloth with black speckles
314,37,ResultChange,Instrument,StretchCloth_ResultChange_Instrument.mp4,Agent23,Black hanger,White cloth
313,37,ResultChange,NoInstrument,StretchCloth_ResultChange_NoInstrument.mp4,Agent23,NA,White cloth
310,37,SmallAgentChange,Instrument,StretchCloth_SmallAgentChange_Instrument.mp4,Agent23,Black hanger,White cloth
309,37,SmallAgentChange,NoInstrument,StretchCloth_SmallAgentChange_NoInstrument.mp4,Agent23,NA,White cloth
254,33,BackgroundChange,Instrument,SwingYoyo_BackgroundChange_Instrument.mp4,Agent18,Wood pole,Green yoyo
253,33,BackgroundChange,NoInstrument,SwingYoyo_BackgroundChange_NoInstrument.mp4,Agent18,NA,Green yoyo
252,33,Base,Instrument,SwingYoyo_Base_Instrument.mp4,Agent18,Wood pole,Green yoyo
251,33,Base,NoInstrument,SwingYoyo_Base_NoInstrument.mp4,Agent18,NA,Green yoyo
256,33,BigAgentChange,Instrument,SwingYoyo_BigAgentChange_Instrument.mp4,Agent17,Wood pole,Green yoyo
255,33,BigAgentChange,NoInstrument,SwingYoyo_BigAgentChange_NoInstrument.mp4,Agent17,NA,Green yoyo
265,33,InstrumentChange,Instrument,SwingYoyo_InstrumentChange_Instrument.mp4,Agent18,,Green yoyo
260,33,MannerChange,Instrument,SwingYoyo_MannerChange_Instrument.mp4,Agent18,Wood pole,Green yoyo
259,33,MannerChange,NoInstrument,SwingYoyo_MannerChange_NoInstrument.mp4,Agent18,NA,Green yoyo
264,33,ObjectChange,Instrument,SwingYoyo_ObjectChange_Instrument.mp4,Agent18,Wood pole,Orange stopwatch
263,33,ObjectChange,NoInstrument,SwingYoyo_ObjectChange_NoInstrument.mp4,Agent18,NA,Orange stopwatch
262,33,ResultChange,Instrument,SwingYoyo_ResultChange_Instrument.mp4,Agent18,Wood pole,Green yoyo
261,33,ResultChange,NoInstrument,SwingYoyo_ResultChange_NoInstrument.mp4,Agent18,NA,Green yoyo
258,33,SmallAgentChange,Instrument,SwingYoyo_SmallAgentChange_Instrument.mp4,Agent18,Wood pole,Green yoyo
257,33,SmallAgentChange,NoInstrument,SwingYoyo_SmallAgentChange_NoInstrument.mp4,Agent18,NA,Green yoyo
88,21,BackgroundChange,NoInstrument,TightenScrew_BackgroundChange_NoInstrument.mp4,Agent5,NA,Blue screw
87,21,Base,NoInstrument,TightenScrew_Base_NoInstrument.mp4,Agent5,NA,Blue screw
89,21,BigAgentChange,NoInstrument,TightenScrew_BigAgentChange_NoInstrument.mp4,Agent24,NA,Blue screw
91,21,MannerChange,NoInstrument,TightenScrew_MannerChange_NoInstrument.mp4,Agent5,NA,Blue screw
93,21,ObjectChange,NoInstrument,TightenScrew_ObjectChange_NoInstrument.mp4,Agent5,NA,Orange screw
92,21,ResultChange,NoInstrument,TightenScrew_ResultChange_NoInstrument.mp4,Agent5,NA,Blue screw
90,21,SmallAgentChange,NoInstrument,TightenScrew_SmallAgentChange_NoInstrument.mp4,Agent5,NA,Blue screw
187,28,BackgroundChange,Instrument,TiltLamp_BackgroundChange_Instrument.mp4,Agent5,White and black striped pole,Lamp with upward facing lightbulb
186,28,BackgroundChange,NoInstrument,TiltLamp_BackgroundChange_NoInstrument.mp4,Agent5,NA,Lamp with upward facing lightbulb
185,28,Base,Instrument,TiltLamp_Base_Instrument.mp4,Agent5,White and black striped pole,Lamp with upward facing lightbulb
184,28,Base,NoInstrument,TiltLamp_Base_NoInstrument.mp4,Agent5,NA,Lamp with upward facing lightbulb
189,28,BigAgentChange,Instrument,TiltLamp_BigAgentChange_Instrument.mp4,Agent4,White and black striped pole,Lamp with upward facing lightbulb
188,28,BigAgentChange,NoInstrument,TiltLamp_BigAgentChange_NoInstrument.mp4,Agent4,NA,Lamp with upward facing lightbulb
198,28,InstrumentChange,Instrument,TiltLamp_InstrumentChange_Instrument.mp4,Agent5,Black handled broom,Lamp with upward facing lightbulb
193,28,MannerChange,Instrument,TiltLamp_MannerChange_Instrument.mp4,Agent5,White and black striped pole,Lamp with upward facing lightbulb
192,28,MannerChange,NoInstrument,TiltLamp_MannerChange_NoInstrument.mp4,Agent5,NA,Lamp with upward facing lightbulb
197,28,ObjectChange,Instrument,TiltLamp_ObjectChange_Instrument.mp4,Agent5,White and black striped pole,Lamp with sideways facing lightbulb
196,28,ObjectChange,NoInstrument,TiltLamp_ObjectChange_NoInstrument.mp4,Agent5,NA,Lamp with sideways facing lightbulb
195,28,ResultChange,Instrument,TiltLamp_ResultChange_Instrument.mp4,Agent5,White and black striped pole,Lamp with upward facing lightbulb
194,28,ResultChange,NoInstrument,TiltLamp_ResultChange_NoInstrument.mp4,Agent5,NA,Lamp with upward facing lightbulb
191,28,SmallAgentChange,Instrument,TiltLamp_SmallAgentChange_Instrument.mp4,Agent5,White and black striped pole,Lamp with upward facing lightbulb
190,28,SmallAgentChange,NoInstrument,TiltLamp_SmallAgentChange_NoInstrument.mp4,Agent5,NA,Lamp with upward facing lightbulb
56,18,Base,NoInstrument,TurnOff_TV.mp4,Agent28,NA,Black box TV
284,35,BackgroundChange,Instrument,TurnOffLight_BackgroundChange_Instrument.mp4,Agent23,Stack of books,Red lamp
283,35,BackgroundChange,NoInstrument,TurnOffLight_BackgroundChange_NoInstrument.mp4,Agent23,NA,Red lamp
282,35,Base,Instrument,TurnOffLight_Base_Instrument.mp4,Agent23,Stack of books,Red lamp
281,35,Base,NoInstrument,TurnOffLight_Base_NoInstrument.mp4,Agent23,NA,Red lamp
286,35,BigAgentChange,Instrument,TurnOffLight_BigAgentChange_Instrument.mp4,Agent25,Stack of books,Red lamp
285,35,BigAgentChange,NoInstrument,TurnOffLight_BigAgentChange_NoInstrument.mp4,Agent25,NA,Red lamp
295,35,InstrumentChange,Instrument,TurnOffLight_InstrumentChange_Instrument.mp4,Agent23,Stack of books with binding facing outward,Red lamp
290,35,MannerChange,Instrument,TurnOffLight_MannerChange_Instrument.mp4,Agent23,Stack of books with binding facing outward,Red lamp
289,35,MannerChange,NoInstrument,TurnOffLight_MannerChange_NoInstrument.mp4,Agent23,NA,Red lamp
294,35,ObjectChange,Instrument,TurnOffLight_ObjectChange_Instrument.mp4,Agent23,Stack of books,Purple lamp
293,35,ObjectChange,NoInstrument,TurnOffLight_ObjectChange_NoInstrument.mp4,Agent23,NA,Purple lamp
292,35,ResultChange,Instrument,TurnOffLight_ResultChange_Instrument.mp4,Agent23,Stack of books,Red lamp
291,35,ResultChange,NoInstrument,TurnOffLight_ResultChange_NoInstrument.mp4,Agent23,NA,Red lamp
288,35,SmallAgentChange,Instrument,TurnOffLight_SmallAgentChange_Instrument.mp4,Agent23,Stack of books,Red lamp
287,35,SmallAgentChange,NoInstrument,TurnOffLight_SmallAgentChange_NoInstrument.mp4,Agent23,NA,Red lamp
297,36,BackgroundChange,NoInstrument,TurnOnFan_BackgroundChange_NoInstrument.mp4,Agent25,NA,Orange fan with paper strips
296,36,Base,NoInstrument,TurnOnFan_Base_NoInstrument.mp4,Agent25,NA,Orange fan with paper strips
298,36,BigAgentChange,NoInstrument,TurnOnFan_BigAgentChange_NoInstrument.mp4,Agent23,NA,Orange fan with paper strips
300,36,MannerChange,NoInstrument,TurnOnFan_MannerChange_NoInstrument.mp4,Agent25,NA,Orange fan with paper strips
302,36,ObjectChange,NoInstrument,TurnOnFan_ObjectChange_NoInstrument.mp4,Agent25,NA,Black fan with paper strips
301,36,ResultChange,NoInstrument,TurnOnFan_ResultChange_NoInstrument.mp4,Agent25,NA,Orange fan with paper strips
299,36,SmallAgentChange,NoInstrument,TurnOnFan_SmallAgentChange_NoInstrument.mp4,Agent25,NA,Orange fan with paper strips
232,31,BackgroundChange,Instrument,TwistMobile_BackgroundChange_Instrument.mp4,Agent9,Flat yellow square,Brown mobile with yellow crossed grey stars
231,31,BackgroundChange,NoInstrument,TwistMobile_BackgroundChange_NoInstrument.mp4,Agent9,NA,Brown mobile with yellow crossed grey stars
230,31,Base,Instrument,TwistMobile_Base_Instrument.mp4,Agent9,Flat yellow square,Brown mobile with yellow crossed grey stars
229,31,Base,NoInstrument,TwistMobile_Base_NoInstrument.mp4,Agent9,NA,Brown mobile with yellow crossed grey stars
234,31,BigAgentChange,Instrument,TwistMobile_BigAgentChange_Instrument.mp4,Agent19,Flat yellow square,Brown mobile with yellow crossed grey stars
233,31,BigAgentChange,NoInstrument,TwistMobile_BigAgentChange_NoInstrument.mp4,Agent19,NA,Brown mobile with yellow crossed grey stars
243,31,InstrumentChange,Instrument,TwistMobile_InstrumentChange_Instrument.mp4,Agent9,White binder,Brown mobile with yellow crossed grey stars
238,31,MannerChange,Instrument,TwistMobile_MannerChange_Instrument.mp4,Agent9,Flat yellow square,Brown mobile with yellow crossed grey stars
237,31,MannerChange,NoInstrument,TwistMobile_MannerChange_NoInstrument.mp4,Agent9,NA,Brown mobile with yellow crossed grey stars
242,31,ObjectChange,Instrument,TwistMobile_ObjectChange_Instrument.mp4,Agent9,Flat yellow square,Brown mobile with grey stars
241,31,ObjectChange,NoInstrument,TwistMobile_ObjectChange_NoInstrument.mp4,Agent9,NA,Brown mobile with grey stars
240,31,ResultChange,Instrument,TwistMobile_ResultChange_Instrument.mp4,Agent9,Flat yellow square,Brown mobile with yellow crossed grey stars
239,31,ResultChange,NoInstrument,TwistMobile_ResultChange_NoInstrument.mp4,Agent9,NA,Brown mobile with yellow crossed grey stars
236,31,SmallAgentChange,Instrument,TwistMobile_SmallAgentChange_Instrument.mp4,Agent9,Flat yellow square,Brown mobile with yellow crossed grey stars
235,31,SmallAgentChange,NoInstrument,TwistMobile_SmallAgentChange_NoInstrument.mp4,Agent9,NA,Brown mobile with yellow crossed grey stars